INSERT INTO USER VALUES ("user1@email", "password", "user1")
INSERT INTO USER VALUES ("user2@email", "password", "user2")
INSERT INTO USER VALUES ("user3@email", "password", "user3")
INSERT INTO USER VALUES ("user4@email", "password", "user4")
INSERT INTO USER VALUES ("user5@email", "password", "user5")
INSERT INTO USER VALUES ("user6@email", "password", "user6")
INSERT INTO USER VALUES ("user7@email", "password", "user7")
INSERT INTO USER VALUES ("user8@email", "password", "user8")
INSERT INTO USER VALUES ("user9@email", "password", "user9")
INSERT INTO USER VALUES ("user10@email", "password", "user10")
INSERT INTO USER VALUES ("user11@email", "password", "user11")
INSERT INTO USER VALUES ("user12@email", "password", "user12")
INSERT INTO USER VALUES ("user13@email", "password", "user13")
INSERT INTO USER VALUES ("user14@email", "password", "user14")
INSERT INTO USER VALUES ("user15@email", "password", "user15")
INSERT INTO USER VALUES ("user16@email", "password", "user16")
INSERT INTO USER VALUES ("user17@email", "password", "user17")
INSERT INTO USER VALUES ("user18@email", "password", "user18")
INSERT INTO USER VALUES ("user19@email", "password", "user19")
INSERT INTO USER VALUES ("user20@email", "password", "user20")
INSERT INTO USER VALUES ("user21@email", "password", "user21")
INSERT INTO USER VALUES ("user22@email", "password", "user22")
INSERT INTO USER VALUES ("user23@email", "password", "user23")
INSERT INTO USER VALUES ("user24@email", "password", "user24")
INSERT INTO USER VALUES ("user25@email", "password", "user25")
INSERT INTO USER VALUES ("user26@email", "password", "user26")
INSERT INTO USER VALUES ("user27@email", "password", "user27")
INSERT INTO USER VALUES ("user28@email", "password", "user28")
INSERT INTO USER VALUES ("user29@email", "password", "user29")
INSERT INTO USER VALUES ("user30@email", "password", "user30")
INSERT INTO USER VALUES ("user31@email", "password", "user31")
INSERT INTO USER VALUES ("user32@email", "password", "user32")
INSERT INTO USER VALUES ("user33@email", "password", "user33")
INSERT INTO USER VALUES ("user34@email", "password", "user34")
INSERT INTO USER VALUES ("user35@email", "password", "user35")
INSERT INTO USER VALUES ("user36@email", "password", "user36")
INSERT INTO USER VALUES ("user37@email", "password", "user37")
INSERT INTO USER VALUES ("user38@email", "password", "user38")
INSERT INTO USER VALUES ("user39@email", "password", "user39")
INSERT INTO USER VALUES ("user40@email", "password", "user40")
INSERT INTO USER VALUES ("user41@email", "password", "user41")
INSERT INTO USER VALUES ("user42@email", "password", "user42")
INSERT INTO USER VALUES ("user43@email", "password", "user43")
INSERT INTO USER VALUES ("user44@email", "password", "user44")
INSERT INTO USER VALUES ("user45@email", "password", "user45")
INSERT INTO USER VALUES ("user46@email", "password", "user46")
INSERT INTO USER VALUES ("user47@email", "password", "user47")
INSERT INTO USER VALUES ("user48@email", "password", "user48")
INSERT INTO USER VALUES ("user49@email", "password", "user49")
INSERT INTO USER VALUES ("user50@email", "password", "user50")
INSERT INTO USER VALUES ("user51@email", "password", "user51")
INSERT INTO USER VALUES ("user52@email", "password", "user52")
INSERT INTO USER VALUES ("user53@email", "password", "user53")
INSERT INTO USER VALUES ("user54@email", "password", "user54")
INSERT INTO USER VALUES ("user55@email", "password", "user55")
INSERT INTO USER VALUES ("user56@email", "password", "user56")
INSERT INTO USER VALUES ("user57@email", "password", "user57")
INSERT INTO USER VALUES ("user58@email", "password", "user58")
INSERT INTO USER VALUES ("user59@email", "password", "user59")
INSERT INTO USER VALUES ("user60@email", "password", "user60")
INSERT INTO USER VALUES ("user61@email", "password", "user61")
INSERT INTO USER VALUES ("user62@email", "password", "user62")
INSERT INTO USER VALUES ("user63@email", "password", "user63")
INSERT INTO USER VALUES ("user64@email", "password", "user64")
INSERT INTO USER VALUES ("user65@email", "password", "user65")
INSERT INTO USER VALUES ("user66@email", "password", "user66")
INSERT INTO USER VALUES ("user67@email", "password", "user67")
INSERT INTO USER VALUES ("user68@email", "password", "user68")
INSERT INTO USER VALUES ("user69@email", "password", "user69")
INSERT INTO USER VALUES ("user70@email", "password", "user70")
INSERT INTO USER VALUES ("user71@email", "password", "user71")
INSERT INTO USER VALUES ("user72@email", "password", "user72")
INSERT INTO USER VALUES ("user73@email", "password", "user73")
INSERT INTO USER VALUES ("user74@email", "password", "user74")
INSERT INTO USER VALUES ("user75@email", "password", "user75")
INSERT INTO USER VALUES ("user76@email", "password", "user76")
INSERT INTO USER VALUES ("user77@email", "password", "user77")
INSERT INTO USER VALUES ("user78@email", "password", "user78")
INSERT INTO USER VALUES ("user79@email", "password", "user79")
INSERT INTO USER VALUES ("user80@email", "password", "user80")
INSERT INTO USER VALUES ("user81@email", "password", "user81")
INSERT INTO USER VALUES ("user82@email", "password", "user82")
INSERT INTO USER VALUES ("user83@email", "password", "user83")
INSERT INTO USER VALUES ("user84@email", "password", "user84")
INSERT INTO USER VALUES ("user85@email", "password", "user85")
INSERT INTO USER VALUES ("user86@email", "password", "user86")
INSERT INTO USER VALUES ("user87@email", "password", "user87")
INSERT INTO USER VALUES ("user88@email", "password", "user88")
INSERT INTO USER VALUES ("user89@email", "password", "user89")
INSERT INTO USER VALUES ("user90@email", "password", "user90")
INSERT INTO USER VALUES ("user91@email", "password", "user91")
INSERT INTO USER VALUES ("user92@email", "password", "user92")
INSERT INTO USER VALUES ("user93@email", "password", "user93")
INSERT INTO USER VALUES ("user94@email", "password", "user94")
INSERT INTO USER VALUES ("user95@email", "password", "user95")
INSERT INTO USER VALUES ("user96@email", "password", "user96")
INSERT INTO USER VALUES ("user97@email", "password", "user97")
INSERT INTO USER VALUES ("user98@email", "password", "user98")
INSERT INTO USER VALUES ("user99@email", "password", "user99")
INSERT INTO USER VALUES ("user100@email", "password", "user100")


INSERT INTO POST VALUES (1, "user1@email", "Test Post1", "content1", "2015-04-28", "20:20:20")
INSERT INTO POST VALUES (2, "user2@email", "Test Post2", "content2", "2015-04-28", "20:20:20")
INSERT INTO POST VALUES (3, "user3@email", "Test Post3", "content3", "2015-04-28", "20:20:20")
INSERT INTO POST VALUES (4, "user4@email", "Test Post4", "content4", "2015-04-28", "20:20:20")
INSERT INTO POST VALUES (5, "user5@email", "Test Post5", "content5", "2015-04-28", "20:20:20")
INSERT INTO POST VALUES (6, "user6@email", "Test Post6", "content6", "2015-04-28", "20:20:20")
INSERT INTO POST VALUES (7, "user7@email", "Test Post7", "content7", "2015-04-28", "20:20:20")
INSERT INTO POST VALUES (8, "user8@email", "Test Post8", "content8", "2015-04-28", "20:20:20")
INSERT INTO POST VALUES (9, "user9@email", "Test Post9", "content9", "2015-04-28", "20:20:20")
INSERT INTO POST VALUES (10, "user10@email", "Test Post10", "content10", "2015-04-28", "20:20:20")
INSERT INTO POST VALUES (11, "user11@email", "Test Post11", "content11", "2015-04-28", "20:20:20")
INSERT INTO POST VALUES (12, "user12@email", "Test Post12", "content12", "2015-04-28", "20:20:20")
INSERT INTO POST VALUES (13, "user13@email", "Test Post13", "content13", "2015-04-28", "20:20:20")
INSERT INTO POST VALUES (14, "user14@email", "Test Post14", "content14", "2015-04-28", "20:20:20")
INSERT INTO POST VALUES (15, "user15@email", "Test Post15", "content15", "2015-04-28", "20:20:20")
INSERT INTO POST VALUES (16, "user16@email", "Test Post16", "content16", "2015-04-28", "20:20:20")
INSERT INTO POST VALUES (17, "user17@email", "Test Post17", "content17", "2015-04-28", "20:20:20")
INSERT INTO POST VALUES (18, "user18@email", "Test Post18", "content18", "2015-04-28", "20:20:20")
INSERT INTO POST VALUES (19, "user19@email", "Test Post19", "content19", "2015-04-28", "20:20:20")
INSERT INTO POST VALUES (20, "user20@email", "Test Post20", "content20", "2015-04-28", "20:20:20")
INSERT INTO POST VALUES (21, "user21@email", "Test Post21", "content21", "2015-04-28", "20:20:20")
INSERT INTO POST VALUES (22, "user22@email", "Test Post22", "content22", "2015-04-28", "20:20:20")
INSERT INTO POST VALUES (23, "user23@email", "Test Post23", "content23", "2015-04-28", "20:20:20")
INSERT INTO POST VALUES (24, "user24@email", "Test Post24", "content24", "2015-04-28", "20:20:20")
INSERT INTO POST VALUES (25, "user25@email", "Test Post25", "content25", "2015-04-28", "20:20:20")
INSERT INTO POST VALUES (26, "user26@email", "Test Post26", "content26", "2015-04-28", "20:20:20")
INSERT INTO POST VALUES (27, "user27@email", "Test Post27", "content27", "2015-04-28", "20:20:20")
INSERT INTO POST VALUES (28, "user28@email", "Test Post28", "content28", "2015-04-28", "20:20:20")
INSERT INTO POST VALUES (29, "user29@email", "Test Post29", "content29", "2015-04-28", "20:20:20")
INSERT INTO POST VALUES (30, "user30@email", "Test Post30", "content30", "2015-04-28", "20:20:20")
INSERT INTO POST VALUES (31, "user31@email", "Test Post31", "content31", "2015-04-28", "20:20:20")
INSERT INTO POST VALUES (32, "user32@email", "Test Post32", "content32", "2015-04-28", "20:20:20")
INSERT INTO POST VALUES (33, "user33@email", "Test Post33", "content33", "2015-04-28", "20:20:20")
INSERT INTO POST VALUES (34, "user34@email", "Test Post34", "content34", "2015-04-28", "20:20:20")
INSERT INTO POST VALUES (35, "user35@email", "Test Post35", "content35", "2015-04-28", "20:20:20")
INSERT INTO POST VALUES (36, "user36@email", "Test Post36", "content36", "2015-04-28", "20:20:20")
INSERT INTO POST VALUES (37, "user37@email", "Test Post37", "content37", "2015-04-28", "20:20:20")
INSERT INTO POST VALUES (38, "user38@email", "Test Post38", "content38", "2015-04-28", "20:20:20")
INSERT INTO POST VALUES (39, "user39@email", "Test Post39", "content39", "2015-04-28", "20:20:20")
INSERT INTO POST VALUES (40, "user40@email", "Test Post40", "content40", "2015-04-28", "20:20:20")
INSERT INTO POST VALUES (41, "user41@email", "Test Post41", "content41", "2015-04-28", "20:20:20")
INSERT INTO POST VALUES (42, "user42@email", "Test Post42", "content42", "2015-04-28", "20:20:20")
INSERT INTO POST VALUES (43, "user43@email", "Test Post43", "content43", "2015-04-28", "20:20:20")
INSERT INTO POST VALUES (44, "user44@email", "Test Post44", "content44", "2015-04-28", "20:20:20")
INSERT INTO POST VALUES (45, "user45@email", "Test Post45", "content45", "2015-04-28", "20:20:20")
INSERT INTO POST VALUES (46, "user46@email", "Test Post46", "content46", "2015-04-28", "20:20:20")
INSERT INTO POST VALUES (47, "user47@email", "Test Post47", "content47", "2015-04-28", "20:20:20")
INSERT INTO POST VALUES (48, "user48@email", "Test Post48", "content48", "2015-04-28", "20:20:20")
INSERT INTO POST VALUES (49, "user49@email", "Test Post49", "content49", "2015-04-28", "20:20:20")
INSERT INTO POST VALUES (50, "user50@email", "Test Post50", "content50", "2015-04-28", "20:20:20")
INSERT INTO POST VALUES (51, "user51@email", "Test Post51", "content51", "2015-04-28", "20:20:20")
INSERT INTO POST VALUES (52, "user52@email", "Test Post52", "content52", "2015-04-28", "20:20:20")
INSERT INTO POST VALUES (53, "user53@email", "Test Post53", "content53", "2015-04-28", "20:20:20")
INSERT INTO POST VALUES (54, "user54@email", "Test Post54", "content54", "2015-04-28", "20:20:20")
INSERT INTO POST VALUES (55, "user55@email", "Test Post55", "content55", "2015-04-28", "20:20:20")
INSERT INTO POST VALUES (56, "user56@email", "Test Post56", "content56", "2015-04-28", "20:20:20")
INSERT INTO POST VALUES (57, "user57@email", "Test Post57", "content57", "2015-04-28", "20:20:20")
INSERT INTO POST VALUES (58, "user58@email", "Test Post58", "content58", "2015-04-28", "20:20:20")
INSERT INTO POST VALUES (59, "user59@email", "Test Post59", "content59", "2015-04-28", "20:20:20")
INSERT INTO POST VALUES (60, "user60@email", "Test Post60", "content60", "2015-04-28", "20:20:20")
INSERT INTO POST VALUES (61, "user61@email", "Test Post61", "content61", "2015-04-28", "20:20:20")
INSERT INTO POST VALUES (62, "user62@email", "Test Post62", "content62", "2015-04-28", "20:20:20")
INSERT INTO POST VALUES (63, "user63@email", "Test Post63", "content63", "2015-04-28", "20:20:20")
INSERT INTO POST VALUES (64, "user64@email", "Test Post64", "content64", "2015-04-28", "20:20:20")
INSERT INTO POST VALUES (65, "user65@email", "Test Post65", "content65", "2015-04-28", "20:20:20")
INSERT INTO POST VALUES (66, "user66@email", "Test Post66", "content66", "2015-04-28", "20:20:20")
INSERT INTO POST VALUES (67, "user67@email", "Test Post67", "content67", "2015-04-28", "20:20:20")
INSERT INTO POST VALUES (68, "user68@email", "Test Post68", "content68", "2015-04-28", "20:20:20")
INSERT INTO POST VALUES (69, "user69@email", "Test Post69", "content69", "2015-04-28", "20:20:20")
INSERT INTO POST VALUES (70, "user70@email", "Test Post70", "content70", "2015-04-28", "20:20:20")
INSERT INTO POST VALUES (71, "user71@email", "Test Post71", "content71", "2015-04-28", "20:20:20")
INSERT INTO POST VALUES (72, "user72@email", "Test Post72", "content72", "2015-04-28", "20:20:20")
INSERT INTO POST VALUES (73, "user73@email", "Test Post73", "content73", "2015-04-28", "20:20:20")
INSERT INTO POST VALUES (74, "user74@email", "Test Post74", "content74", "2015-04-28", "20:20:20")
INSERT INTO POST VALUES (75, "user75@email", "Test Post75", "content75", "2015-04-28", "20:20:20")
INSERT INTO POST VALUES (76, "user76@email", "Test Post76", "content76", "2015-04-28", "20:20:20")
INSERT INTO POST VALUES (77, "user77@email", "Test Post77", "content77", "2015-04-28", "20:20:20")
INSERT INTO POST VALUES (78, "user78@email", "Test Post78", "content78", "2015-04-28", "20:20:20")
INSERT INTO POST VALUES (79, "user79@email", "Test Post79", "content79", "2015-04-28", "20:20:20")
INSERT INTO POST VALUES (80, "user80@email", "Test Post80", "content80", "2015-04-28", "20:20:20")
INSERT INTO POST VALUES (81, "user81@email", "Test Post81", "content81", "2015-04-28", "20:20:20")
INSERT INTO POST VALUES (82, "user82@email", "Test Post82", "content82", "2015-04-28", "20:20:20")
INSERT INTO POST VALUES (83, "user83@email", "Test Post83", "content83", "2015-04-28", "20:20:20")
INSERT INTO POST VALUES (84, "user84@email", "Test Post84", "content84", "2015-04-28", "20:20:20")
INSERT INTO POST VALUES (85, "user85@email", "Test Post85", "content85", "2015-04-28", "20:20:20")
INSERT INTO POST VALUES (86, "user86@email", "Test Post86", "content86", "2015-04-28", "20:20:20")
INSERT INTO POST VALUES (87, "user87@email", "Test Post87", "content87", "2015-04-28", "20:20:20")
INSERT INTO POST VALUES (88, "user88@email", "Test Post88", "content88", "2015-04-28", "20:20:20")
INSERT INTO POST VALUES (89, "user89@email", "Test Post89", "content89", "2015-04-28", "20:20:20")
INSERT INTO POST VALUES (90, "user90@email", "Test Post90", "content90", "2015-04-28", "20:20:20")
INSERT INTO POST VALUES (91, "user91@email", "Test Post91", "content91", "2015-04-28", "20:20:20")
INSERT INTO POST VALUES (92, "user92@email", "Test Post92", "content92", "2015-04-28", "20:20:20")
INSERT INTO POST VALUES (93, "user93@email", "Test Post93", "content93", "2015-04-28", "20:20:20")
INSERT INTO POST VALUES (94, "user94@email", "Test Post94", "content94", "2015-04-28", "20:20:20")
INSERT INTO POST VALUES (95, "user95@email", "Test Post95", "content95", "2015-04-28", "20:20:20")
INSERT INTO POST VALUES (96, "user96@email", "Test Post96", "content96", "2015-04-28", "20:20:20")
INSERT INTO POST VALUES (97, "user97@email", "Test Post97", "content97", "2015-04-28", "20:20:20")
INSERT INTO POST VALUES (98, "user98@email", "Test Post98", "content98", "2015-04-28", "20:20:20")
INSERT INTO POST VALUES (99, "user99@email", "Test Post99", "content99", "2015-04-28", "20:20:20")
INSERT INTO POST VALUES (100, "user100@email", "Test Post100", "content100", "2015-04-28", "20:20:20")


INSERT INTO FAVES VALUES ("email@email",1)
INSERT INTO FAVES VALUES ("email@email",2)
INSERT INTO FAVES VALUES ("email@email",3)
INSERT INTO FAVES VALUES ("email@email",4)
INSERT INTO FAVES VALUES ("email@email",5)
INSERT INTO FAVES VALUES ("email@email",6)
INSERT INTO FAVES VALUES ("email@email",7)
INSERT INTO FAVES VALUES ("email@email",8)
INSERT INTO FAVES VALUES ("email@email",9)
INSERT INTO FAVES VALUES ("email@email",10)
INSERT INTO FAVES VALUES ("email@email",11)
INSERT INTO FAVES VALUES ("email@email",12)
INSERT INTO FAVES VALUES ("email@email",13)
INSERT INTO FAVES VALUES ("email@email",14)
INSERT INTO FAVES VALUES ("email@email",15)
INSERT INTO FAVES VALUES ("email@email",16)
INSERT INTO FAVES VALUES ("email@email",17)
INSERT INTO FAVES VALUES ("email@email",18)
INSERT INTO FAVES VALUES ("email@email",19)
INSERT INTO FAVES VALUES ("email@email",20)
INSERT INTO FAVES VALUES ("email@email",21)
INSERT INTO FAVES VALUES ("email@email",22)
INSERT INTO FAVES VALUES ("email@email",23)
INSERT INTO FAVES VALUES ("email@email",24)
INSERT INTO FAVES VALUES ("email@email",25)
INSERT INTO FAVES VALUES ("email@email",26)
INSERT INTO FAVES VALUES ("email@email",27)
INSERT INTO FAVES VALUES ("email@email",28)
INSERT INTO FAVES VALUES ("email@email",29)
INSERT INTO FAVES VALUES ("email@email",30)
INSERT INTO FAVES VALUES ("email@email",31)
INSERT INTO FAVES VALUES ("email@email",32)
INSERT INTO FAVES VALUES ("email@email",33)
INSERT INTO FAVES VALUES ("email@email",34)
INSERT INTO FAVES VALUES ("email@email",35)
INSERT INTO FAVES VALUES ("email@email",36)
INSERT INTO FAVES VALUES ("email@email",37)
INSERT INTO FAVES VALUES ("email@email",38)
INSERT INTO FAVES VALUES ("email@email",39)
INSERT INTO FAVES VALUES ("email@email",40)
INSERT INTO FAVES VALUES ("email@email",41)
INSERT INTO FAVES VALUES ("email@email",42)
INSERT INTO FAVES VALUES ("email@email",43)
INSERT INTO FAVES VALUES ("email@email",44)
INSERT INTO FAVES VALUES ("email@email",45)
INSERT INTO FAVES VALUES ("email@email",46)
INSERT INTO FAVES VALUES ("email@email",47)
INSERT INTO FAVES VALUES ("email@email",48)
INSERT INTO FAVES VALUES ("email@email",49)
INSERT INTO FAVES VALUES ("email@email",50)
INSERT INTO FAVES VALUES ("email@email",51)
INSERT INTO FAVES VALUES ("email@email",52)
INSERT INTO FAVES VALUES ("email@email",53)
INSERT INTO FAVES VALUES ("email@email",54)
INSERT INTO FAVES VALUES ("email@email",55)
INSERT INTO FAVES VALUES ("email@email",56)
INSERT INTO FAVES VALUES ("email@email",57)
INSERT INTO FAVES VALUES ("email@email",58)
INSERT INTO FAVES VALUES ("email@email",59)
INSERT INTO FAVES VALUES ("email@email",60)
INSERT INTO FAVES VALUES ("email@email",61)
INSERT INTO FAVES VALUES ("email@email",62)
INSERT INTO FAVES VALUES ("email@email",63)
INSERT INTO FAVES VALUES ("email@email",64)
INSERT INTO FAVES VALUES ("email@email",65)
INSERT INTO FAVES VALUES ("email@email",66)
INSERT INTO FAVES VALUES ("email@email",67)
INSERT INTO FAVES VALUES ("email@email",68)
INSERT INTO FAVES VALUES ("email@email",69)
INSERT INTO FAVES VALUES ("email@email",70)
INSERT INTO FAVES VALUES ("email@email",71)
INSERT INTO FAVES VALUES ("email@email",72)
INSERT INTO FAVES VALUES ("email@email",73)
INSERT INTO FAVES VALUES ("email@email",74)
INSERT INTO FAVES VALUES ("email@email",75)
INSERT INTO FAVES VALUES ("email@email",76)
INSERT INTO FAVES VALUES ("email@email",77)
INSERT INTO FAVES VALUES ("email@email",78)
INSERT INTO FAVES VALUES ("email@email",79)
INSERT INTO FAVES VALUES ("email@email",80)
INSERT INTO FAVES VALUES ("email@email",81)
INSERT INTO FAVES VALUES ("email@email",82)
INSERT INTO FAVES VALUES ("email@email",83)
INSERT INTO FAVES VALUES ("email@email",84)
INSERT INTO FAVES VALUES ("email@email",85)
INSERT INTO FAVES VALUES ("email@email",86)
INSERT INTO FAVES VALUES ("email@email",87)
INSERT INTO FAVES VALUES ("email@email",88)
INSERT INTO FAVES VALUES ("email@email",89)
INSERT INTO FAVES VALUES ("email@email",90)
INSERT INTO FAVES VALUES ("email@email",91)
INSERT INTO FAVES VALUES ("email@email",92)
INSERT INTO FAVES VALUES ("email@email",93)
INSERT INTO FAVES VALUES ("email@email",94)
INSERT INTO FAVES VALUES ("email@email",95)
INSERT INTO FAVES VALUES ("email@email",96)
INSERT INTO FAVES VALUES ("email@email",97)
INSERT INTO FAVES VALUES ("email@email",98)
INSERT INTO FAVES VALUES ("email@email",99)
INSERT INTO FAVES VALUES ("email@email",100)


INSERT INTO COMMENT VALUES (1, 700, "user1@email", "lorem ipsum 1", "2015-04-28", "20:20:20")
INSERT INTO COMMENT VALUES (2, 700, "user2@email", "lorem ipsum 2", "2015-04-28", "20:20:20")
INSERT INTO COMMENT VALUES (3, 700, "user3@email", "lorem ipsum 3", "2015-04-28", "20:20:20")
INSERT INTO COMMENT VALUES (4, 700, "user4@email", "lorem ipsum 4", "2015-04-28", "20:20:20")
INSERT INTO COMMENT VALUES (5, 700, "user5@email", "lorem ipsum 5", "2015-04-28", "20:20:20")
INSERT INTO COMMENT VALUES (6, 700, "user6@email", "lorem ipsum 6", "2015-04-28", "20:20:20")
INSERT INTO COMMENT VALUES (7, 700, "user7@email", "lorem ipsum 7", "2015-04-28", "20:20:20")
INSERT INTO COMMENT VALUES (8, 700, "user8@email", "lorem ipsum 8", "2015-04-28", "20:20:20")
INSERT INTO COMMENT VALUES (9, 700, "user9@email", "lorem ipsum 9", "2015-04-28", "20:20:20")
INSERT INTO COMMENT VALUES (10, 700, "user10@email", "lorem ipsum 10", "2015-04-28", "20:20:20")
INSERT INTO COMMENT VALUES (11, 700, "user11@email", "lorem ipsum 11", "2015-04-28", "20:20:20")
INSERT INTO COMMENT VALUES (12, 700, "user12@email", "lorem ipsum 12", "2015-04-28", "20:20:20")
INSERT INTO COMMENT VALUES (13, 700, "user13@email", "lorem ipsum 13", "2015-04-28", "20:20:20")
INSERT INTO COMMENT VALUES (14, 700, "user14@email", "lorem ipsum 14", "2015-04-28", "20:20:20")
INSERT INTO COMMENT VALUES (15, 700, "user15@email", "lorem ipsum 15", "2015-04-28", "20:20:20")
INSERT INTO COMMENT VALUES (16, 700, "user16@email", "lorem ipsum 16", "2015-04-28", "20:20:20")
INSERT INTO COMMENT VALUES (17, 700, "user17@email", "lorem ipsum 17", "2015-04-28", "20:20:20")
INSERT INTO COMMENT VALUES (18, 700, "user18@email", "lorem ipsum 18", "2015-04-28", "20:20:20")
INSERT INTO COMMENT VALUES (19, 700, "user19@email", "lorem ipsum 19", "2015-04-28", "20:20:20")
INSERT INTO COMMENT VALUES (20, 700, "user20@email", "lorem ipsum 20", "2015-04-28", "20:20:20")
INSERT INTO COMMENT VALUES (21, 700, "user21@email", "lorem ipsum 21", "2015-04-28", "20:20:20")
INSERT INTO COMMENT VALUES (22, 700, "user22@email", "lorem ipsum 22", "2015-04-28", "20:20:20")
INSERT INTO COMMENT VALUES (23, 700, "user23@email", "lorem ipsum 23", "2015-04-28", "20:20:20")
INSERT INTO COMMENT VALUES (24, 700, "user24@email", "lorem ipsum 24", "2015-04-28", "20:20:20")
INSERT INTO COMMENT VALUES (25, 700, "user25@email", "lorem ipsum 25", "2015-04-28", "20:20:20")
INSERT INTO COMMENT VALUES (26, 700, "user26@email", "lorem ipsum 26", "2015-04-28", "20:20:20")
INSERT INTO COMMENT VALUES (27, 700, "user27@email", "lorem ipsum 27", "2015-04-28", "20:20:20")
INSERT INTO COMMENT VALUES (28, 700, "user28@email", "lorem ipsum 28", "2015-04-28", "20:20:20")
INSERT INTO COMMENT VALUES (29, 700, "user29@email", "lorem ipsum 29", "2015-04-28", "20:20:20")
INSERT INTO COMMENT VALUES (30, 700, "user30@email", "lorem ipsum 30", "2015-04-28", "20:20:20")
INSERT INTO COMMENT VALUES (31, 700, "user31@email", "lorem ipsum 31", "2015-04-28", "20:20:20")
INSERT INTO COMMENT VALUES (32, 700, "user32@email", "lorem ipsum 32", "2015-04-28", "20:20:20")
INSERT INTO COMMENT VALUES (33, 700, "user33@email", "lorem ipsum 33", "2015-04-28", "20:20:20")
INSERT INTO COMMENT VALUES (34, 700, "user34@email", "lorem ipsum 34", "2015-04-28", "20:20:20")
INSERT INTO COMMENT VALUES (35, 700, "user35@email", "lorem ipsum 35", "2015-04-28", "20:20:20")
INSERT INTO COMMENT VALUES (36, 700, "user36@email", "lorem ipsum 36", "2015-04-28", "20:20:20")
INSERT INTO COMMENT VALUES (37, 700, "user37@email", "lorem ipsum 37", "2015-04-28", "20:20:20")
INSERT INTO COMMENT VALUES (38, 700, "user38@email", "lorem ipsum 38", "2015-04-28", "20:20:20")
INSERT INTO COMMENT VALUES (39, 700, "user39@email", "lorem ipsum 39", "2015-04-28", "20:20:20")
INSERT INTO COMMENT VALUES (40, 700, "user40@email", "lorem ipsum 40", "2015-04-28", "20:20:20")
INSERT INTO COMMENT VALUES (41, 700, "user41@email", "lorem ipsum 41", "2015-04-28", "20:20:20")
INSERT INTO COMMENT VALUES (42, 700, "user42@email", "lorem ipsum 42", "2015-04-28", "20:20:20")
INSERT INTO COMMENT VALUES (43, 700, "user43@email", "lorem ipsum 43", "2015-04-28", "20:20:20")
INSERT INTO COMMENT VALUES (44, 700, "user44@email", "lorem ipsum 44", "2015-04-28", "20:20:20")
INSERT INTO COMMENT VALUES (45, 700, "user45@email", "lorem ipsum 45", "2015-04-28", "20:20:20")
INSERT INTO COMMENT VALUES (46, 700, "user46@email", "lorem ipsum 46", "2015-04-28", "20:20:20")
INSERT INTO COMMENT VALUES (47, 700, "user47@email", "lorem ipsum 47", "2015-04-28", "20:20:20")
INSERT INTO COMMENT VALUES (48, 700, "user48@email", "lorem ipsum 48", "2015-04-28", "20:20:20")
INSERT INTO COMMENT VALUES (49, 700, "user49@email", "lorem ipsum 49", "2015-04-28", "20:20:20")
INSERT INTO COMMENT VALUES (50, 700, "user50@email", "lorem ipsum 50", "2015-04-28", "20:20:20")
INSERT INTO COMMENT VALUES (51, 700, "user51@email", "lorem ipsum 51", "2015-04-28", "20:20:20")
INSERT INTO COMMENT VALUES (52, 700, "user52@email", "lorem ipsum 52", "2015-04-28", "20:20:20")
INSERT INTO COMMENT VALUES (53, 700, "user53@email", "lorem ipsum 53", "2015-04-28", "20:20:20")
INSERT INTO COMMENT VALUES (54, 700, "user54@email", "lorem ipsum 54", "2015-04-28", "20:20:20")
INSERT INTO COMMENT VALUES (55, 700, "user55@email", "lorem ipsum 55", "2015-04-28", "20:20:20")
INSERT INTO COMMENT VALUES (56, 700, "user56@email", "lorem ipsum 56", "2015-04-28", "20:20:20")
INSERT INTO COMMENT VALUES (57, 700, "user57@email", "lorem ipsum 57", "2015-04-28", "20:20:20")
INSERT INTO COMMENT VALUES (58, 700, "user58@email", "lorem ipsum 58", "2015-04-28", "20:20:20")
INSERT INTO COMMENT VALUES (59, 700, "user59@email", "lorem ipsum 59", "2015-04-28", "20:20:20")
INSERT INTO COMMENT VALUES (60, 700, "user60@email", "lorem ipsum 60", "2015-04-28", "20:20:20")
INSERT INTO COMMENT VALUES (61, 700, "user61@email", "lorem ipsum 61", "2015-04-28", "20:20:20")
INSERT INTO COMMENT VALUES (62, 700, "user62@email", "lorem ipsum 62", "2015-04-28", "20:20:20")
INSERT INTO COMMENT VALUES (63, 700, "user63@email", "lorem ipsum 63", "2015-04-28", "20:20:20")
INSERT INTO COMMENT VALUES (64, 700, "user64@email", "lorem ipsum 64", "2015-04-28", "20:20:20")
INSERT INTO COMMENT VALUES (65, 700, "user65@email", "lorem ipsum 65", "2015-04-28", "20:20:20")
INSERT INTO COMMENT VALUES (66, 700, "user66@email", "lorem ipsum 66", "2015-04-28", "20:20:20")
INSERT INTO COMMENT VALUES (67, 700, "user67@email", "lorem ipsum 67", "2015-04-28", "20:20:20")
INSERT INTO COMMENT VALUES (68, 700, "user68@email", "lorem ipsum 68", "2015-04-28", "20:20:20")
INSERT INTO COMMENT VALUES (69, 700, "user69@email", "lorem ipsum 69", "2015-04-28", "20:20:20")
INSERT INTO COMMENT VALUES (70, 700, "user70@email", "lorem ipsum 70", "2015-04-28", "20:20:20")
INSERT INTO COMMENT VALUES (71, 700, "user71@email", "lorem ipsum 71", "2015-04-28", "20:20:20")
INSERT INTO COMMENT VALUES (72, 700, "user72@email", "lorem ipsum 72", "2015-04-28", "20:20:20")
INSERT INTO COMMENT VALUES (73, 700, "user73@email", "lorem ipsum 73", "2015-04-28", "20:20:20")
INSERT INTO COMMENT VALUES (74, 700, "user74@email", "lorem ipsum 74", "2015-04-28", "20:20:20")
INSERT INTO COMMENT VALUES (75, 700, "user75@email", "lorem ipsum 75", "2015-04-28", "20:20:20")
INSERT INTO COMMENT VALUES (76, 700, "user76@email", "lorem ipsum 76", "2015-04-28", "20:20:20")
INSERT INTO COMMENT VALUES (77, 700, "user77@email", "lorem ipsum 77", "2015-04-28", "20:20:20")
INSERT INTO COMMENT VALUES (78, 700, "user78@email", "lorem ipsum 78", "2015-04-28", "20:20:20")
INSERT INTO COMMENT VALUES (79, 700, "user79@email", "lorem ipsum 79", "2015-04-28", "20:20:20")
INSERT INTO COMMENT VALUES (80, 700, "user80@email", "lorem ipsum 80", "2015-04-28", "20:20:20")
INSERT INTO COMMENT VALUES (81, 700, "user81@email", "lorem ipsum 81", "2015-04-28", "20:20:20")
INSERT INTO COMMENT VALUES (82, 700, "user82@email", "lorem ipsum 82", "2015-04-28", "20:20:20")
INSERT INTO COMMENT VALUES (83, 700, "user83@email", "lorem ipsum 83", "2015-04-28", "20:20:20")
INSERT INTO COMMENT VALUES (84, 700, "user84@email", "lorem ipsum 84", "2015-04-28", "20:20:20")
INSERT INTO COMMENT VALUES (85, 700, "user85@email", "lorem ipsum 85", "2015-04-28", "20:20:20")
INSERT INTO COMMENT VALUES (86, 700, "user86@email", "lorem ipsum 86", "2015-04-28", "20:20:20")
INSERT INTO COMMENT VALUES (87, 700, "user87@email", "lorem ipsum 87", "2015-04-28", "20:20:20")
INSERT INTO COMMENT VALUES (88, 700, "user88@email", "lorem ipsum 88", "2015-04-28", "20:20:20")
INSERT INTO COMMENT VALUES (89, 700, "user89@email", "lorem ipsum 89", "2015-04-28", "20:20:20")
INSERT INTO COMMENT VALUES (90, 700, "user90@email", "lorem ipsum 90", "2015-04-28", "20:20:20")
INSERT INTO COMMENT VALUES (91, 700, "user91@email", "lorem ipsum 91", "2015-04-28", "20:20:20")
INSERT INTO COMMENT VALUES (92, 700, "user92@email", "lorem ipsum 92", "2015-04-28", "20:20:20")
INSERT INTO COMMENT VALUES (93, 700, "user93@email", "lorem ipsum 93", "2015-04-28", "20:20:20")
INSERT INTO COMMENT VALUES (94, 700, "user94@email", "lorem ipsum 94", "2015-04-28", "20:20:20")
INSERT INTO COMMENT VALUES (95, 700, "user95@email", "lorem ipsum 95", "2015-04-28", "20:20:20")
INSERT INTO COMMENT VALUES (96, 700, "user96@email", "lorem ipsum 96", "2015-04-28", "20:20:20")
INSERT INTO COMMENT VALUES (97, 700, "user97@email", "lorem ipsum 97", "2015-04-28", "20:20:20")
INSERT INTO COMMENT VALUES (98, 700, "user98@email", "lorem ipsum 98", "2015-04-28", "20:20:20")
INSERT INTO COMMENT VALUES (99, 700, "user99@email", "lorem ipsum 99", "2015-04-28", "20:20:20")
INSERT INTO COMMENT VALUES (100, 700, "user100@email", "lorem ipsum 100", "2015-04-28", "20:20:20")